Taylor,Emily,145 Oakwood Drive,23 Parkside Cottages,Wimbury,Hampshire,BN98 3YT,2006,Sat,May 06 2006,2006-May-06,2006-05-06
Smith,James,21 Willowdale Close,The Greenhouses,Littleton Mill,Suffolk,DG45 9NH,1942,Sat,Aug 29 1942,1942-Aug-29,1942-08-29
Johnson,Olivia,92 Chestnut Avenue,17 Silver Birch Lane,Langford-on-the-Marsh,Essex,MK76 4GU,2010,Sun,Jan 10 2010,2010-Jan-10,2010-01-10
Williams,William,37 Firs Road,Hawthorn Cottage,Nettlethorpe,Kent,CF67 8WD,2014,Mon,Jul 14 2014,2014-Jul-14,2014-07-14
Brown,Ava,11 Maplewood Court,23 Cedar Close,Ashdown Forest,Sussex,KY53 6BX,2017,Mon,Mar 20 2017,2017-Mar-20,2017-03-20
Davis,George,56 Rowan Way,The Old Mill House,Badenham,Cambridgeshire,DN64 7ER,1962,Wed,Feb 14 1962,1962-Feb-14,1962-02-14
Wilson,Isabella,25 Willow Tree Close,Oakwood Farm Cottages,Great Saling,Essex,EX38 4HQ,2006,Sat,Dec 30 2006,2006-Dec-30,2006-12-30
Harris,Thomas,42 Bramble Hill,19 Pineview Road,Tadlow,Hertfordshire,TR21 9GP,1998,Sun,Jun 28 1998,1998-Jun-28,1998-06-28
Martin,Charlotte,89 Silver Street,The Old Post Office,Littleton-on-the-Hill,Lincolnshire,LA17 9SH,1976,Thu,Jul 15 1976,1976-Jul-15,1976-07-15
Thompson,Alexander,13 Beechwood Close,21 Ashdown Way,Waltham St Lawrence,Berkshire,LD32 8RY,1993,Fri,Dec 10 1993,1993-Dec-10,1993-12-10
Clark,Sophia,67 Hawthorn Drive,The Cottage,Long Melford,Suffolk,NP43 7JH,1953,Mon,Jul 27 1953,1953-Jul-27,1953-07-27
Lewis,Benjamin,31 Oakwood Court,17 Chestnut Avenue,Bournville,Worcestershire,SY23 2UX,1974,Fri,Dec 27 1974,1974-Dec-27,1974-12-27
Lee,Amelia,45 Rowan Tree Close,23 Maplewood Road,Llanfyllin,Powys,WA15 5QP,1989,Thu,Oct 12 1989,1989-Oct-12,1989-10-12
Walker,Michael,21 Firs Court,The Old Forge,Littleton-on-the-Marsh,Shropshire,EH51 3ZT,1978,Fri,Jan 20 1978,1978-Jan-20,1978-01-20
Hall,Abigail,62 Silver Street,19 Willowdale Close,Wimbury,Devon,KA19 4HR,2017,Wed,Jul 26 2017,2017-Jul-26,2017-07-26
Patel,Oliver,35 Elm Grove,17 Rowan Tree Way,Tadlow,Bedfordshire,FK12 8TP,2009,Mon,May 04 2009,2009-May-04,2009-05-04
Khan,Elizabeth,85 Chestnut Avenue,Hawthorn Cottage,Ashdown Forest,Hampshire,PA30 1WX,1974,Wed,Jan 02 1974,1974-Jan-02,1974-01-02
Griffiths,Joseph,11 Beechwood Road,23 Oakwood Drive,Nettlethorpe,Kent,G83 6HH,1967,Fri,Nov 24 1967,1967-Nov-24,1967-11-24
Jenkins,Harper,49 Willowdale Close,The Old School House,Littleton Mill,Somerset,IV32 7JG,1961,Sat,Oct 28 1961,1961-Oct-28,1961-10-28
Cooper,Joshua,27 Rowan Tree Court,17 Silver Street,Waltham St Lawrence,Dorset,ML11 4RF,1999,Sat,May 08 1999,1999-May-08,1999-05-08
Russell,Florence,13 Maplewood Way,23 Pineview Road,Great Saling,Essex,CA12 9GU,1974,Sat,Jan 12 1974,1974-Jan-12,1974-01-12
Evans,Edward,56 Firs Road,19 Bramble Hill,Langford-on-the-Marsh,Gloucestershire,BT35 6WD,1950,Fri,Nov 24 1950,1950-Nov-24,1950-11-24
Fraser,Alice,42 Ashdown Way,The Cottage,Tadlow,Cambridgeshire,HR9 9GP,2008,Tue,Aug 19 2008,2008-Aug-19,2008-08-19
Morrison,Robert,89 Willow Tree Close,Oakwood Farm Cottages,Littleton Mill,Shropshire,LL40 2UX,1995,Sun,Apr 30 1995,1995-Apr-30,1995-04-30
Taylor-Williams,Lily,21 Chestnut Avenue,17 Silver Birch Lane,Bournville,Worcestershire,FY15 5QP,2003,Fri,Jul 25 2003,2003-Jul-25,2003-07-25
Davies,Gabriel,67 Rowan Tree Way,The Old Forge,Ashdown Forest,Sussex,EX41 1WX,2019,Wed,May 08 2019,2019-May-08,2019-05-08
Phillips,Evelyn,31 Elm Grove,Hawthorn Cottage,Llanfyllin,Powys,SY20 8RT,1960,Wed,Jul 06 1960,1960-Jul-06,1960-07-06
Hughes,Richard,45 Maplewood Court,23 Cedar Close,Nettlethorpe,Kent,DD10 9SH,1963,Fri,Mar 01 1963,1963-Mar-01,1963-03-01
Rees,Ivy,13 Silver Street,The Old Post Office,Wimbury,Devon,LD14 7JG,1985,Sun,May 05 1985,1985-May-05,1985-05-05
Price,Christopher,62 Beechwood Road,The Old School House,Tadlow,Bedfordshire,NP22 4RF,1986,Fri,Sep 19 1986,1986-Sep-19,1986-09-19
Edwards,Phoebe,85 Rowan Tree Close,Oakwood Farm Cottages,Littleton Mill,Shropshire,FK19 4HR,2000,Tue,Jan 11 2000,2000-Jan-11,2000-01-11
Roberts,Daniel,11 Willowdale Court,23 Pineview Road,Ashdown Forest,Sussex,KA16 9GP,1971,Tue,Apr 06 1971,1971-Apr-06,1971-04-06
Jones,Poppy,49 Firs Road,19 Bramble Hill,Langford-on-the-Marsh,Gloucestershire,EH49 3ZT,2022,Wed,Feb 16 2022,2022-Feb-16,2022-02-16
Watson,Samuel,27 Silver Street,Hawthorn Cottage,Tadlow,Cambridgeshire,ML12 8TP,2005,Fri,Sep 23 2005,2005-Sep-23,2005-09-23
Scott,Eliza,13 Maplewood Way,The Old Forge,Littleton Mill,Somerset,IV21 1WX,1978,Mon,Apr 24 1978,1978-Apr-24,1978-04-24
Murray,Henry,56 Willow Tree Close,The Old School House,Waltham St Lawrence,Dorset,G42 6HH,1977,Mon,Apr 11 1977,1977-Apr-11,1977-04-11
Armstrong,Georgia,42 Ashdown Way,Oakwood Farm Cottages,Great Saling,Essex,CA18 9GU,1985,Sat,May 25 1985,1985-May-25,1985-05-25
Kennedy,Frederick,89 Chestnut Avenue,17 Rowan Tree Way,Langford-on-the-Marsh,Shropshire,BT41 6WD,1984,Sun,Jun 24 1984,1984-Jun-24,1984-06-24
Collins,Maisie,21 Firs Court,The Cottage,Littleton Mill,Somerset,HR24 9GP,1968,Sun,Jun 02 1968,1968-Jun-02,1968-06-02
Brooks,Charlie,67 Silver Street,Hawthorn Cottage,Ashdown Forest,Sussex,LL45 2UX,1973,Tue,Mar 13 1973,1973-Mar-13,1973-03-13
Simpson,Daphne,31 Beechwood Close,23 Cedar Close,Nettlethorpe,Kent,FY25 5QP,1968,Wed,Oct 23 1968,1968-Oct-23,1968-10-23
Pearson,Arthur,45 Rowan Tree Way,The Old Post Office,Wimbury,Devon,EX43 1WX,1951,Tue,Oct 23 1951,1951-Oct-23,1951-10-23
Taylor-Scott,Emily-May,13 Willowdale Close,Oakwood Farm Cottages,Littleton Mill,Shropshire,SY22 8RT,1968,Mon,Apr 22 1968,1968-Apr-22,1968-04-22
Fletcher,Hugo,62 Maplewood Court,17 Silver Birch Lane,Tadlow,Cambridgeshire,DD11 9SH,1979,Thu,Apr 26 1979,1979-Apr-26,1979-04-26
Bailey,Beatrice,85 Rowan Tree Close,The Old School House,Ashdown Forest,Sussex,LD13 7JG,2014,Mon,May 19 2014,2014-May-19,2014-05-19
Grayson,Jasper,11 Chestnut Avenue,23 Bramble Hill,Langford-on-the-Marsh,Gloucestershire,NP23 4RF,2011,Sat,Apr 23 2011,2011-Apr-23,2011-04-23
Harrison,Phoebe-Grace,49 Firs Road,Hawthorn Cottage,Llanfyllin,Powys,FK21 4HR,1983,Tue,Jun 07 1983,1983-Jun-07,1983-06-07
Lewis-Powell,Cedric,27 Silver Street,Oakwood Farm Cottages,Tadlow,Bedfordshire,KA17 9GP,1993,Fri,Aug 20 1993,1993-Aug-20,1993-08-20
Carter,Gracie,13 Rowan Tree Way,The Old Forge,Littleton Mill,Somerset,EH55 3ZT,1980,Sun,Jan 20 1980,1980-Jan-20,1980-01-20
Robinson,Archibald,56 Willowdale Close,23 Pineview Road,Great Saling,Essex,ML16 8TP,1978,Tue,Oct 31 1978,1978-Oct-31,1978-10-31
